,TAAGGCGATAGATCGC,CGTACTAGTAGATCGC,AGGCAGAATAGATCGC,TCCTGAGCTAGATCGC,GGACTCCTTAGATCGC,TAGGCATGTAGATCGC,CTCTCTACTAGATCGC,ACTGAGCGTAGATCGC,TAAGGCGACTCTCTAT,CGTACTAGCTCTCTAT,AGGCAGAACTCTCTAT,TCCTGAGCCTCTCTAT,GGACTCCTCTCTCTAT,TAGGCATGCTCTCTAT,CTCTCTACCTCTCTAT,ACTGAGCGCTCTCTAT,TAAGGCGATATCCTCT,CGTACTAGTATCCTCT,AGGCAGAATATCCTCT,TCCTGAGCTATCCTCT,GGACTCCTTATCCTCT,TAGGCATGTATCCTCT,CTCTCTACTATCCTCT,ACTGAGCGTATCCTCT,GCCAATATTCTTTCCC,CAGATCATTCTTTCCC,ACTTGAATTCTTTCCC
TAAGGCGATAGATCGC,0,8,7,5,6,5,8,7,8,16,15,13,14,13,16,15,6,14,13,11,12,11,14,13,12,10,11
CGTACTAGTAGATCGC,8,0,6,8,7,6,4,6,16,8,14,16,15,14,12,14,14,6,12,14,13,12,10,12,9,9,10
AGGCAGAATAGATCGC,7,6,0,8,6,7,7,5,15,14,8,16,14,15,15,13,13,12,6,14,12,13,13,11,10,10,10
TCCTGAGCTAGATCGC,5,8,8,0,8,6,5,7,13,16,16,8,16,14,13,15,11,14,14,6,14,12,11,13,10,12,8
GGACTCCTTAGATCGC,6,7,6,8,0,8,8,7,14,15,14,16,8,16,16,15,12,13,12,14,6,14,14,13,10,9,11
TAGGCATGTAGATCGC,5,6,7,6,8,0,7,6,13,14,15,14,16,8,15,14,11,12,13,12,14,6,13,12,12,10,11
CTCTCTACTAGATCGC,8,4,7,5,8,7,0,8,16,12,15,13,16,15,8,16,14,10,13,11,14,13,6,14,9,10,10
ACTGAGCGTAGATCGC,7,6,5,7,7,6,8,0,15,14,13,15,15,14,16,8,13,12,11,13,13,12,14,6,10,12,9
TAAGGCGACTCTCTAT,8,16,15,13,14,13,16,15,0,8,7,5,6,5,8,7,5,13,12,10,11,10,13,12,15,13,14
CGTACTAGCTCTCTAT,16,8,14,16,15,14,12,14,8,0,6,8,7,6,4,6,13,5,11,13,12,11,9,11,12,12,13
AGGCAGAACTCTCTAT,15,14,8,16,14,15,15,13,7,6,0,8,6,7,7,5,12,11,5,13,11,12,12,10,13,13,13
TCCTGAGCCTCTCTAT,13,16,16,8,16,14,13,15,5,8,8,0,8,6,5,7,10,13,13,5,13,11,10,12,13,15,11
GGACTCCTCTCTCTAT,14,15,14,16,8,16,16,15,6,7,6,8,0,8,8,7,11,12,11,13,5,13,13,12,13,12,14
TAGGCATGCTCTCTAT,13,14,15,14,16,8,15,14,5,6,7,6,8,0,7,6,10,11,12,11,13,5,12,11,15,13,14
CTCTCTACCTCTCTAT,16,12,15,13,16,15,8,16,8,4,7,5,8,7,0,8,13,9,12,10,13,12,5,13,12,13,13
ACTGAGCGCTCTCTAT,15,14,13,15,15,14,16,8,7,6,5,7,7,6,8,0,12,11,10,12,12,11,13,5,13,15,12
TAAGGCGATATCCTCT,6,14,13,11,12,11,14,13,5,13,12,10,11,10,13,12,0,8,7,5,6,5,8,7,13,11,12
CGTACTAGTATCCTCT,14,6,12,14,13,12,10,12,13,5,11,13,12,11,9,11,8,0,6,8,7,6,4,6,10,10,11
AGGCAGAATATCCTCT,13,12,6,14,12,13,13,11,12,11,5,13,11,12,12,10,7,6,0,8,6,7,7,5,11,11,11
TCCTGAGCTATCCTCT,11,14,14,6,14,12,11,13,10,13,13,5,13,11,10,12,5,8,8,0,8,6,5,7,11,13,9
GGACTCCTTATCCTCT,12,13,12,14,6,14,14,13,11,12,11,13,5,13,13,12,6,7,6,8,0,8,8,7,11,10,12
TAGGCATGTATCCTCT,11,12,13,12,14,6,13,12,10,11,12,11,13,5,12,11,5,6,7,6,8,0,7,6,13,11,12
CTCTCTACTATCCTCT,14,10,13,11,14,13,6,14,13,9,12,10,13,12,5,13,8,4,7,5,8,7,0,8,10,11,11
ACTGAGCGTATCCTCT,13,12,11,13,13,12,14,6,12,11,10,12,12,11,13,5,7,6,5,7,7,6,8,0,11,13,10
GCCAATATTCTTTCCC,12,9,10,10,10,12,9,10,15,12,13,13,13,15,12,13,13,10,11,11,11,13,10,11,0,5,5
CAGATCATTCTTTCCC,10,9,10,12,9,10,10,12,13,12,13,15,12,13,13,15,11,10,11,13,10,11,11,13,5,0,6
ACTTGAATTCTTTCCC,11,10,10,8,11,11,10,9,14,13,13,11,14,14,13,12,12,11,11,9,12,12,11,10,5,6,0
